﻿"Cube Title","Product Id","CANSIM Id",URL,"Cube Notes","Archive Status",Frequency,"Start Reference Period","End Reference Period","Total number of dimensions"
"Single and multiple residential property owners: demographic data and value of properties owned",46100038,,"https://www150.statcan.gc.ca/t1/tbl1/en/tv.action?pid=4610003801",1;2,"CURRENT - a cube available to the public and that is current",Occasional,2018-01-01,2019-01-01,5

"Dimension ID","Dimension name","Dimension Notes","Dimension Definitions"
1,Geography,,
2,"Owner-occupied property type",4,
3,"Number of residential properties owned",8,
4,"Sex of property owner",,
5,Estimates,3;9;10;12,

"Dimension ID","Member Name","Classification Code","Member ID","Parent Member ID",Terminated,"Member Notes","Member Definitions"
1,"Nova Scotia",[12],1,,,,
1,"Halifax, Census metropolitan area (CMA)",[205],2,1,,,
1,"Halifax, Regional municipality",[1209034],3,2,,,
1,"Outside of census metropolitan and agglomeration areas, Nova Scotia",,4,1,,,
1,"Amherst, Town",[1211011],5,4,,,
1,"Annapolis Royal, Town",[1205008],6,4,,,
1,"Annapolis, Subd. A, Subdivision of county municipality",[1205004],7,4,,,
1,"Annapolis, Subd. B, Subdivision of county municipality",[1205009],8,4,,,
1,"Annapolis, Subd. C, Subdivision of county municipality",[1205014],9,4,,,
1,"Annapolis, Subd. D, Subdivision of county municipality",[1205001],10,4,,,
1,"Antigonish, Town",[1214002],11,4,,,
1,"Antigonish, Subd. A, Subdivision of county municipality",[1214001],12,4,,,
1,"Antigonish, Subd. B, Subdivision of county municipality",[1214006],13,4,,,
1,"Argyle, Municipal district",[1202001],14,4,,,
1,"Barrington, Municipal district",[1201001],15,4,,,
1,"Berwick, Town",[1207004],16,4,,,
1,"Bridgewater, Town",[1206004],17,4,,,
1,"Cape Breton, Regional municipality",[1217030],18,841,,,
1,"Chester, Municipal district",[1206009],19,4,,,
1,"Clare, Municipal district",[1203001],20,4,,,
1,"Clark's Harbour, Town",[1201004],21,4,,,
1,"Colchester, Subd. A, Subdivision of county municipality",[1210012],22,4,,,
1,"Colchester, Subd. B, Subdivision of county municipality",[1210008],23,844,,,
1,"Colchester, Subd. C, Subdivision of county municipality",[1210001],24,844,,,
1,"Cumberland, Subd. A, Subdivision of county municipality",[1211001],25,4,,,
1,"Cumberland, Subd. B, Subdivision of county municipality",[1211006],26,4,,,
1,"Cumberland, Subd. C, Subdivision of county municipality",[1211009],27,4,,,
1,"Cumberland, Subd. D, Subdivision of county municipality",[1211014],28,4,,,
1,"Digby, Municipal district",[1203004],29,4,,,
1,"Digby, Town",[1203006],30,4,,,
1,"East Hants, Municipal district",[1208008],31,4,,,
1,"Guysborough, Municipal district",[1213004],32,4,,,
1,"Inverness, Subd. A, Subdivision of county municipality",[1215011],33,4,,,
1,"Inverness, Subd. B, Subdivision of county municipality",[1215006],34,4,,,
1,"Inverness, Subd. C, Subdivision of county municipality",[1215001],35,4,,,
1,"Kentville, Town",[1207012],36,842,,,
1,"Kings, Subd. A, Subdivision of county municipality",[1207001],37,4,,,
1,"Kings, Subd. B, Subdivision of county municipality",[1207016],38,842,,,
1,"Kings, Subd. C, Subdivision of county municipality",[1207011],39,842,,,
1,"Kings, Subd. D, Subdivision of county municipality",[1207021],40,4,,,
1,"Lockeport, Town",[1201009],41,4,,,
1,"Lunenburg, Municipal district",[1206001],42,4,,,
1,"Lunenburg, Town",[1206006],43,4,,,
1,"Mahone Bay, Town",[1206008],44,4,,,
1,"Middleton, Town",[1205016],45,4,,,
1,"Mulgrave, Town",[1213008],46,4,,,
1,"New Glasgow, Town",[1212014],47,843,,,
1,"Oxford, Town",[1211012],48,4,,,
1,"Parrsboro, Town",[1211002],49,4,,,
1,"Pictou, Town",[1212004],50,4,,,
1,"Pictou, Subd. A, Subdivision of county municipality",[1212001],51,4,,,
1,"Pictou, Subd. B, Subdivision of county municipality",[1212006],52,843,,,
1,"Pictou, Subd. C, Subdivision of county municipality",[1212011],53,843,,,
1,"Port Hawkesbury, Town",[1215002],54,4,,,
1,"Queens, Regional municipality",[1204010],55,4,,,
1,"Richmond, Subd. A, Subdivision of county municipality",[1216006],56,4,,,
1,"Richmond, Subd. B, Subdivision of county municipality",[1216011],57,4,,,
1,"Richmond, Subd. C, Subdivision of county municipality",[1216001],58,4,,,
1,"Shelburne, Municipal district",[1201006],59,4,,,
1,"Shelburne, Town",[1201008],60,4,,,
1,"St. Mary's, Municipal district",[1213001],61,4,,,
1,"Stellarton, Town",[1212009],62,843,,,
1,"Stewiacke, Town",[1210002],63,4,,,
1,"Trenton, Town",[1212016],64,843,,,
1,"Truro, Town",[1210006],65,844,,,
1,"Victoria, Subd. A, Subdivision of county municipality",[1218006],66,4,,,
1,"Victoria, Subd. B, Subdivision of county municipality",[1218001],67,4,,,
1,"West Hants, Municipal district",[1208001],68,4,,,
1,"Westville, Town",[1212008],69,843,,,
1,"Windsor, Town",[1208002],70,4,,,
1,"Wolfville, Town",[1207024],71,4,,,
1,"Yarmouth, Municipal district",[1202004],72,4,,,
1,"Yarmouth, Town",[1202006],73,4,,,
1,Ontario,[35],74,,,,
1,"Barrie, Census metropolitan area (CMA)",[568],75,74,,,
1,"Barrie, City",[3543042],76,75,,,
1,"Innisfil, Town",[3543017],77,75,,,
1,"Springwater, Township",[3543009],78,75,,,
1,"Belleville, Census metropolitan area (CMA)",[522],79,74,,,
1,"Belleville, City",[3512005],80,79,,,
1,"Quinte West, City",[3512015],81,79,,,
1,"Stirling-Rawdon, Township",[3512020],82,79,,,
1,"Tyendinaga, Township",[3512001],83,79,,,
1,"Brantford, Census metropolitan area (CMA)",[543],84,74,,,
1,"Brant, City",[3529005],85,84,,,
1,"Brantford, City",[3529006],86,84,,,
1,"Greater Sudbury, Census metropolitan area (CMA)",[580],87,74,,,
1,"Greater Sudbury, City",[3553005],88,87,,,
1,"Markstay-Warren, Municipality",[3552013],89,87,,,
1,"Guelph, Census metropolitan area (CMA)",[550],90,74,,,
1,"Guelph, City",[3523008],91,90,,,
1,"Guelph/Eramosa, Township",[3523009],92,90,,,
1,"Puslinch, Township",[3523001],93,90,,,
1,"Hamilton, Census metropolitan area (CMA)",[537],94,74,,,
1,"Burlington, City",[3524002],95,94,,,
1,"Grimsby, Town",[3526065],96,94,,,
1,"Hamilton, City",[3525005],97,94,,,
1,"Kingston, Census metropolitan area (CMA)",[521],98,74,,,
1,"Frontenac Islands, Township",[3510005],99,98,,,
1,"Kingston, City",[3510010],100,98,,,
1,"Loyalist, Township",[3511005],101,98,,,
1,"South Frontenac, Township",[3510020],102,98,,,
1,"Kitchener - Cambridge - Waterloo, Census metropolitan area (CMA)",[541],103,74,,,
1,"Cambridge, City",[3530010],104,103,,,
1,"Kitchener, City",[3530013],105,103,,,
1,"North Dumfries, Township",[3530004],106,103,,,
1,"Waterloo, City",[3530016],107,103,,,
1,"Wilmot, Township",[3530020],108,103,,,
1,"Woolwich, Township",[3530035],109,103,,,
1,"London, Census metropolitan area (CMA)",[555],110,74,,,
1,"Adelaide-Metcalfe, Township",[3539047],111,110,,,
1,"Central Elgin, Municipality",[3534020],112,110,,,
1,"London, City",[3539036],113,110,,,
1,"Middlesex Centre, Municipality",[3539033],114,110,,,
1,"Southwold, Township",[3534024],115,110,,,
1,"St. Thomas, City",[3534021],116,110,,,
1,"Strathroy-Caradoc, Municipality",[3539015],117,110,,,
1,"Thames Centre, Municipality",[3539027],118,110,,,
1,"Oshawa, Census metropolitan area (CMA)",[532],119,74,,,
1,"Clarington, Municipality",[3518017],120,119,,,
1,"Oshawa, City",[3518013],121,119,,,
1,"Whitby, Town",[3518009],122,119,,,
1,"Ottawa - Gatineau (Ontario part), Census metropolitan area (CMA) – provincial part",[35505],123,74,,,
1,"Clarence-Rockland, City",[3502036],124,123,,,
1,"North Grenville, Municipality",[3507065],125,123,,,
1,"Ottawa, City",[3506008],126,123,,,
1,"Russell, Township",[3502048],127,123,,,
1,"Peterborough, Census metropolitan area (CMA)",[529],128,74,,,
1,"Cavan Monaghan, Township",[3515013],129,128,,,
1,"Douro-Dummer, Township",[3515023],130,128,,,
1,"Otonabee-South Monaghan, Township",[3515005],131,128,,,
1,"Peterborough, City",[3515014],132,128,,,
1,"Selwyn, Township",[3515015],133,128,,,
1,"St. Catharines - Niagara, Census metropolitan area (CMA)",[539],134,74,,,
1,"Fort Erie, Town",[3526003],135,134,,,
1,"Lincoln, Town",[3526057],136,134,,,
1,"Niagara Falls, City",[3526043],137,134,,,
1,"Niagara-on-the-Lake, Town",[3526047],138,134,,,
1,"Pelham, Town",[3526028],139,134,,,
1,"Port Colborne, City",[3526011],140,134,,,
1,"St. Catharines, City",[3526053],141,134,,,
1,"Thorold, City",[3526037],142,134,,,
1,"Wainfleet, Township",[3526014],143,134,,,
1,"Welland, City",[3526032],144,134,,,
1,"Thunder Bay, Census metropolitan area (CMA)",[595],145,74,,,
1,"Conmee, Township",[3558019],146,145,,,
1,"Gillies, Township",[3558012],147,145,,,
1,"Neebing, Municipality",[3558001],148,145,,,
1,"O'Connor, Township",[3558016],149,145,,,
1,"Oliver Paipoonge, Municipality",[3558011],150,145,,,
1,"Shuniah, Municipality",[3558028],151,145,,,
1,"Thunder Bay, City",[3558004],152,145,,,
1,"Toronto, Census metropolitan area (CMA)",[535],153,74,,,
1,"Ajax, Town",[3518005],154,153,,,
1,"Aurora, Town",[3519046],155,153,,,
1,"Bradford West Gwillimbury, Town",[3543014],156,153,,,
1,"Brampton, City",[3521010],157,153,,,
1,"Caledon, Town",[3521024],158,153,,,
1,"East Gwillimbury, Town",[3519054],159,153,,,
1,"Georgina, Town",[3519070],160,153,,,
1,"Halton Hills, Town",[3524015],161,153,,,
1,"King, Township",[3519049],162,153,,,
1,"Markham, City",[3519036],163,153,,,
1,"Milton, Town",[3524009],164,153,,,
1,"Mississauga, City",[3521005],165,153,,,
1,"Mono, Town",[3522012],166,153,,,
1,"New Tecumseth, Town",[3543007],167,153,,,
1,"Newmarket, Town",[3519048],168,153,,,
1,"Oakville, Town",[3524001],169,153,,,
1,"Orangeville, Town",[3522014],170,153,,,
1,"Pickering, City",[3518001],171,153,,,
1,"Richmond Hill, Town",[3519038],172,153,,,
1,"Toronto, City",[3520005],173,153,,,
1,"Uxbridge, Township",[3518029],174,153,,,
1,"Vaughan, City",[3519028],175,153,,,
1,"Whitchurch-Stouffville, Town",[3519044],176,153,,,
1,"Windsor, Census metropolitan area (CMA)",[559],177,74,,,
1,"Amherstburg, Town",[3537028],178,177,,,
1,"Lakeshore, Town",[3537064],179,177,,,
1,"LaSalle, Town",[3537034],180,177,,,
1,"Tecumseh, Town",[3537048],181,177,,,
1,"Windsor, City",[3537039],182,177,,,
1,"Outside of census metropolitan and agglomeration areas, Ontario",,183,74,,,
1,"Addington Highlands, Township",[3511035],184,183,,,
1,"Adjala-Tosorontio, Township",[3543003],185,183,,,
1,"Admaston/Bromley, Township",[3547043],186,183,,,
1,"Alberton, Township",[3559011],187,183,,,
1,"Alfred and Plantagenet, Township",[3502023],188,183,,,
1,"Algoma, Unorganized, North Part, Unorganized",[3557095],189,183,,,
1,"Algonquin Highlands, Township",[3546018],190,183,,,
1,"Alnwick/Haldimand, Township",[3514024],191,183,,,
1,"Amaranth, Township",[3522008],192,183,,,
1,"Armour, Township",[3549019],193,183,,,
1,"Armstrong, Township",[3554036],194,183,,,
1,"Arnprior, Town",[3547002],195,1109,,,
1,"Arran-Elderslie, Municipality",[3541043],196,183,,,
1,"Ashfield-Colborne-Wawanosh, Township",[3540063],197,183,,,
1,"Asphodel-Norwood, Township",[3515003],198,183,,,
1,"Assiginack, Township",[3551011],199,183,,,
1,"Athens, Township",[3507042],200,183,,,
1,"Atikokan, Town",[3559001],201,183,,,
1,"Augusta, Township",[3507006],202,1110,,,
1,"Aylmer, Town",[3534011],203,183,,,
1,"Baldwin, Township",[3552028],204,183,,,
1,"Bancroft, Town",[3512061],205,183,,,
1,"Bayham, Municipality",[3534005],206,183,,,
1,"Beckwith, Township",[3509024],207,1111,,,
1,"Billings, Township",[3551021],208,183,,,
1,"Black River-Matheson, Township",[3556014],209,183,,,
1,"Blandford-Blenheim, Township",[3532045],210,183,,,
1,"Blind River, Town",[3557038],211,183,,,
1,"Bluewater, Municipality",[3540010],212,183,,,
1,"Bonfield, Township",[3548027],213,1125,,,
1,"Bonnechere Valley, Township",[3547035],214,183,,,
1,"Bracebridge, Town",[3544018],215,183,,,
1,"Brethour, Township",[3554032],216,183,,,
1,"Brighton, Municipality",[3514004],217,183,,,
1,"Brock, Township",[3518039],218,183,,,
1,"Brockton, Municipality",[3541032],219,183,,,
1,"Brockville, City",[3507015],220,1110,,,
1,"Brooke-Alvinston, Municipality",[3538015],221,183,,,
1,"Bruce Mines, Town",[3557021],222,183,,,
1,"Brudenell, Lyndoch and Raglan, Township",[3547020],223,183,,,
1,"Burk's Falls, Village",[3549022],224,183,,,
1,"Burpee and Mills, Township",[3551028],225,183,,,
1,"Callander, Municipality",[3549066],226,1125,,,
1,"Calvin, Municipality",[3548022],227,183,,,
1,"Carleton Place, Town",[3509028],228,1111,,,
1,"Carling, Township",[3549036],229,183,,,
1,"Carlow/Mayo, Township",[3512065],230,183,,,
1,"Casey, Township",[3554029],231,183,,,
1,"Casselman, Village",[3502044],232,183,,,
1,"Central Frontenac, Township",[3510035],233,183,,,
1,"Central Huron, Municipality",[3540025],234,183,,,
1,"Central Manitoulin, Municipality",[3551006],235,183,,,
1,"Centre Hastings, Municipality",[3512026],236,183,,,
1,"Centre Wellington, Township",[3523025],237,1112,,,
1,"Chamberlain, Township",[3554054],238,183,,,
1,"Champlain, Township",[3502010],239,183,,,
1,"Chapleau, Township",[3552092],240,183,,,
1,"Chapple, Township",[3559024],241,183,,,
1,"Charlton and Dack, Municipality",[3554044],242,183,,,
1,"Chatham-Kent, Municipality",[3536020],243,1113,,,
1,"Chatsworth, Township",[3542037],244,183,,,
1,"Chisholm, Township",[3548031],245,1125,,,
1,"Clearview, Township",[3543005],246,183,,,
1,"Cobalt, Town",[3554008],247,183,,,
1,"Cobourg, Town",[3514021],248,1114,,,
1,"Cochrane, Town",[3556042],249,183,,,
1,"Cochrane, Unorganized, North Part, Unorganized",[3556092],250,183,,,
1,"Cockburn Island, Township",[3551034],251,183,,,
1,"Coleman, Township",[3554001],252,183,,,
1,"Collingwood, Town",[3543031],253,1115,,,
1,"Cornwall, City",[3501012],254,1116,,,
1,"Cramahe, Township",[3514014],255,183,,,
1,"Dawn-Euphemia, Township",[3538007],256,183,,,
1,"Dawson, Township",[3559040],257,183,,,
1,"Deep River, Town",[3547096],258,183,,,
1,"Deseronto, Town",[3512002],259,183,,,
1,"Dorion, Township",[3558034],260,183,,,
1,"Drummond/North Elmsley, Township",[3509010],261,183,,,
1,"Dryden, City",[3560027],262,183,,,
1,"Dubreuilville, Township",[3557079],263,183,,,
1,"Dutton/Dunwich, Municipality",[3534030],264,183,,,
1,"Dysart et al, Municipality",[3546024],265,183,,,
1,"Ear Falls, Township",[3560032],266,183,,,
1,"East Ferris, Municipality",[3548034],267,1125,,,
1,"East Garafraxa, Township",[3522001],268,183,,,
1,"East Hawkesbury, Township",[3502001],269,183,,,
1,"East Zorra-Tavistock, Township",[3532038],270,183,,,
1,"Edwardsburgh/Cardinal, Township",[3507004],271,183,,,
1,"Elizabethtown-Kitley, Township",[3507014],272,1110,,,
1,"Elliot Lake, City",[3557041],273,1117,,,
1,"Emo, Township",[3559019],274,183,,,
1,"Englehart, Town",[3554052],275,183,,,
1,"Enniskillen, Township",[3538016],276,183,,,
1,"Erin, Town",[3523017],277,183,,,
1,"Espanola, Town",[3552026],278,183,,,
1,"Essa, Township",[3543021],279,183,,,
1,"Essex, Town",[3537016],280,183,,,
1,"Evanturel, Township",[3554049],281,183,,,
1,"Faraday, Township",[3512058],282,183,,,
1,"Fauquier-Strickland, Township",[3556052],283,183,,,
1,"Fort Frances, Town",[3559012],284,183,,,
1,"French River, Municipality",[3552001],285,183,,,
1,"Front of Yonge, Township",[3507017],286,183,,,
1,"Gananoque, Town",[3507024],287,183,,,
1,"Gauthier, Township",[3554066],288,183,,,
1,"Georgian Bay, Township",[3544065],289,183,,,
1,"Georgian Bluffs, Township",[3542053],290,1127,,,
1,"Goderich, Town",[3540028],291,183,,,
1,"Gordon/Barrie Island, Municipality",[3551027],292,183,,,
1,"Gore Bay, Town",[3551026],293,183,,,
1,"Grand Valley, Town",[3522010],294,183,,,
1,"Gravenhurst, Town",[3544002],295,183,,,
1,"Greater Madawaska, Township",[3547008],296,183,,,
1,"Greater Napanee, Town",[3511015],297,183,,,
1,"Greenstone, Municipality",[3558075],298,183,,,
1,"Grey Highlands, Municipality",[3542015],299,183,,,
1,"Haldimand County, City",[3528018],300,183,,,
1,"Hamilton, Township",[3514019],301,183,,,
1,"Hanover, Town",[3542029],302,183,,,
1,"Harley, Township",[3554026],303,183,,,
1,"Harris, Township",[3554014],304,183,,,
1,"Hastings Highlands, Municipality",[3512076],305,183,,,
1,"Havelock-Belmont-Methuen, Township",[3515030],306,183,,,
1,"Hawkesbury, Town",[3502008],307,1118,,,
1,"Head, Clara and Maria, Township",[3547098],308,183,,,
1,"Hearst, Town",[3556076],309,183,,,
1,"Highlands East, Municipality",[3546005],310,183,,,
1,"Hilliard, Township",[3554034],311,183,,,
1,"Hilton, Township",[3557004],312,183,,,
1,"Hilton Beach, Village",[3557006],313,183,,,
1,"Hornepayne, Township",[3557096],314,183,,,
1,"Horton, Township",[3547046],315,183,,,
1,"Howick, Township",[3540046],316,183,,,
1,"Hudson, Township",[3554021],317,183,,,
1,"Huntsville, Town",[3544042],318,183,,,
1,"Huron East, Municipality",[3540040],319,183,,,
1,"Huron Shores, Municipality",[3557035],320,183,,,
1,"Huron-Kinloss, Township",[3541015],321,183,,,
1,"Ignace, Township",[3560001],322,183,,,
1,"Ingersoll, Town",[3532018],323,1119,,,
1,"Iroquois Falls, Town",[3556031],324,183,,,
1,"James, Township",[3554042],325,183,,,
1,"Jocelyn, Township",[3557001],326,183,,,
1,"Johnson, Township",[3557016],327,183,,,
1,"Joly, Township",[3549051],328,183,,,
1,"Kapuskasing, Town",[3556066],329,183,,,
1,"Kawartha Lakes, City",[3516010],330,1120,,,
1,"Kearney, Town",[3549018],331,183,,,
1,"Kenora, City",[3560010],332,1121,,,
1,"Kenora, Unorganized, Unorganized",[3560090],333,183,,,
1,"Kerns, Township",[3554024],334,183,,,
1,"Killaloe, Hagarty and Richards, Township",[3547033],335,183,,,
1,"Killarney, Municipality",[3552036],336,183,,,
1,"Kincardine, Municipality",[3541024],337,183,,,
1,"Kingsville, Town",[3537013],338,1122,,,
1,"Kirkland Lake, Town",[3554068],339,183,,,
1,"La Vallee, Township",[3559016],340,183,,,
1,"Laird, Township",[3557011],341,1132,,,
1,"Lake of Bays, Township",[3544027],342,183,,,
1,"Lake of the Woods, Township",[3559047],343,183,,,
1,"Lambton Shores, Municipality",[3538040],344,183,,,
1,"Lanark Highlands, Township",[3509039],345,183,,,
1,"Larder Lake, Township",[3554062],346,183,,,
1,"Latchford, Town",[3554006],347,183,,,
1,"Laurentian Hills, Town",[3547090],348,183,,,
1,"Laurentian Valley, Township",[3547075],349,1128,,,
1,"Leamington, Municipality",[3537003],350,1122,,,
1,"Leeds and the Thousand Islands, Township",[3507021],351,183,,,
1,"Limerick, Township",[3512051],352,183,,,
1,"Lucan Biddulph, Township",[3539060],353,183,,,
1,"Macdonald, Meredith and Aberdeen Additional, Township",[3557051],354,1132,,,
1,"Machar, Township",[3549054],355,183,,,
1,"Machin, Municipality",[3560021],356,183,,,
1,"Madawaska Valley, Township",[3547030],357,183,,,
1,"Madoc, Township",[3512036],358,183,,,
1,"Magnetawan, Municipality",[3549043],359,183,,,
1,"Malahide, Township",[3534010],360,183,,,
1,"Manitoulin, Unorganized, West Part, Unorganized",[3551094],361,183,,,
1,"Manitouwadge, Township",[3558066],362,183,,,
1,"Mapleton, Township",[3523033],363,183,,,
1,"Marathon, Town",[3558059],364,183,,,
1,"Marmora and Lake, Municipality",[3512046],365,183,,,
1,"Matachewan, Township",[3554056],366,183,,,
1,"Mattawa, Town",[3548021],367,183,,,
1,"Mattawan, Township",[3548019],368,183,,,
1,"Mattice-Val Côté, Township",[3556077],369,183,,,
1,"McDougall, Municipality",[3549031],370,183,,,
1,"McGarry, Township",[3554058],371,183,,,
1,"McKellar, Township",[3549028],372,183,,,
1,"McMurrich/Monteith, Township",[3549012],373,183,,,
1,"McNab/Braeside, Township",[3547003],374,1109,,,
1,"Meaford, Municipality",[3542047],375,183,,,
1,"Melancthon, Township",[3522019],376,183,,,
1,"Merrickville-Wolford, Village",[3507052],377,183,,,
1,"Midland, Town",[3543074],378,1123,,,
1,"Minden Hills, Township",[3546015],379,183,,,
1,"Minto, Town",[3523043],380,183,,,
1,"Mississippi Mills, Town",[3509030],381,1111,,,
1,"Montague, Township",[3509001],382,183,,,
1,"Moonbeam, Township",[3556056],383,183,,,
1,"Moosonee, Town",[3556106],384,183,,,
1,"Morley, Township",[3559031],385,183,,,
1,"Morris-Turnberry, Municipality",[3540050],386,183,,,
1,"Mulmur, Township",[3522016],387,183,,,
1,"Muskoka Lakes, Township",[3544053],388,183,,,
1,"Nairn and Hyman, Township",[3552031],389,183,,,
1,"Newbury, Village",[3539002],390,183,,,
1,"Nipigon, Township",[3558044],391,183,,,
1,"Nipissing, Township",[3549071],392,1125,,,
1,"Nipissing, Unorganized, North Part, Unorganized",[3548094],393,1125,,,
1,"Norfolk County, City",[3528052],394,1124,,,
1,"North Algona Wilberforce, Township",[3547070],395,183,,,
1,"North Bay, City",[3548044],396,1125,,,
1,"North Dundas, Township",[3501030],397,183,,,
1,"North Frontenac, Township",[3510045],398,183,,,
1,"North Glengarry, Township",[3501050],399,183,,,
1,"North Huron, Township",[3540055],400,183,,,
1,"North Kawartha, Township",[3515037],401,183,,,
1,"North Middlesex, Municipality",[3539041],402,183,,,
1,"North Perth, Municipality",[3531040],403,183,,,
1,"North Stormont, Township",[3501042],404,183,,,
1,"Northeastern Manitoulin and the Islands, Municipality",[3551017],405,183,,,
1,"Northern Bruce Peninsula, Municipality",[3541069],406,183,,,
1,"Norwich, Township",[3532002],407,183,,,
1,"Oil Springs, Village",[3538018],408,183,,,
1,"Opasatika, Township",[3556073],409,183,,,
1,"Orillia, City",[3543052],410,1126,,,
1,"Oro-Medonte, Township",[3543023],411,183,,,
1,"Owen Sound, City",[3542059],412,1127,,,
1,"Papineau-Cameron, Township",[3548013],413,183,,,
1,"Parry Sound, Town",[3549032],414,183,,,
1,"Parry Sound, Unorganized, Centre Part, Unorganized",[3549096],415,183,,,
1,"Pelee, Township",[3537001],416,183,,,
1,"Pembroke, City",[3547064],417,1128,,,
1,"Penetanguishene, Town",[3543072],418,1123,,,
1,"Perry, Township",[3549014],419,183,,,
1,"Perth, Town",[3509021],420,183,,,
1,"Perth East, Township",[3531030],421,183,,,
1,"Perth South, Township",[3531013],422,183,,,
1,"Petawawa, Town",[3547076],423,1129,,,
1,"Petrolia, Town",[3538019],424,183,,,
1,"Pickle Lake, Township",[3560049],425,183,,,
1,"Plummer Additional, Township",[3557019],426,183,,,
1,"Plympton-Wyoming, Town",[3538035],427,1131,,,
1,"Point Edward, Village",[3538031],428,1131,,,
1,"Port Hope, Municipality",[3514020],429,1130,,,
1,"Powassan, Municipality",[3549060],430,1125,,,
1,"Prescott, Town",[3507008],431,183,,,
1,"Prince, Township",[3557066],432,1132,,,
1,"Prince Edward County, City",[3513020],433,183,,,
1,"Rainy River, Town",[3559042],434,183,,,
1,"Rainy River, Unorganized, Unorganized",[3559090],435,183,,,
1,"Ramara, Township",[3543019],436,183,,,
1,"Red Lake, Municipality",[3560042],437,183,,,
1,"Red Rock, Township",[3558041],438,183,,,
1,"Renfrew, Town",[3547048],439,183,,,
1,"Rideau Lakes, Township",[3507040],440,183,,,
1,"Ryerson, Township",[3549024],441,183,,,
1,"Sables-Spanish Rivers, Township",[3552023],442,183,,,
1,"Sarnia, City",[3538030],443,1131,,,
1,"Saugeen Shores, Town",[3541045],444,183,,,
1,"Sault Ste. Marie, City",[3557061],445,1132,,,
1,"Schreiber, Township",[3558051],446,183,,,
1,"Scugog, Township",[3518020],447,183,,,
1,"Seguin, Township",[3549003],448,183,,,
1,"Severn, Township",[3543015],449,183,,,
1,"Shelburne, Town",[3522021],450,183,,,
1,"Sioux Lookout, Municipality",[3560034],451,183,,,
1,"Sioux Narrows-Nestor Falls, Township",[3560008],452,183,,,
1,"Smiths Falls, Town",[3509004],453,183,,,
1,"Smooth Rock Falls, Town",[3556048],454,183,,,
1,"South Algonquin, Township",[3548001],455,183,,,
1,"South Bruce, Municipality",[3541004],456,183,,,
1,"South Bruce Peninsula, Town",[3541055],457,183,,,
1,"South Dundas, Municipality",[3501020],458,183,,,
1,"South Glengarry, Township",[3501005],459,183,,,
1,"South Huron, Municipality",[3540005],460,183,,,
1,"South River, Village",[3549056],461,183,,,
1,"South Stormont, Township",[3501011],462,1116,,,
1,"Southgate, Township",[3542005],463,183,,,
1,"Southwest Middlesex, Municipality",[3539005],464,183,,,
1,"South-West Oxford, Township",[3532012],465,183,,,
1,"Spanish, Town",[3557039],466,183,,,
1,"St. Clair, Township",[3538003],467,1131,,,
1,"St. Joseph, Township",[3557008],468,183,,,
1,"St. Marys, Town",[3531016],469,183,,,
1,"St.-Charles, Municipality",[3552004],470,183,,,
1,"Stone Mills, Township",[3511030],471,183,,,
1,"Stratford, City",[3531011],472,1133,,,
1,"Strong, Township",[3549046],473,183,,,
1,"Sudbury, Unorganized, North Part, Unorganized",[3552093],474,183,,,
1,"Sundridge, Village",[3549048],475,183,,,
1,"Tarbutt and Tarbutt Additional, Township",[3557014],476,183,,,
1,"Tay, Township",[3543071],477,1123,,,
1,"Tay Valley, Township",[3509015],478,183,,,
1,"Tehkummah, Township",[3551001],479,183,,,
1,"Temagami, Municipality",[3548069],480,183,,,
1,"Temiskaming Shores, City",[3554020],481,183,,,
1,"Terrace Bay, Township",[3558054],482,183,,,
1,"The Archipelago, Township",[3549005],483,183,,,
1,"The Blue Mountains, Town",[3542045],484,183,,,
1,"The Nation, Municipality",[3502025],485,183,,,
1,"The North Shore, Township",[3557040],486,183,,,
1,"Thessalon, Town",[3557028],487,183,,,
1,"Thornloe, Village",[3554038],488,183,,,
1,"Thunder Bay, Unorganized, Unorganized",[3558090],489,183,,,
1,"Tillsonburg, Town",[3532004],490,1134,,,
1,"Timiskaming, Unorganized, West Part, Unorganized",[3554094],491,183,,,
1,"Timmins, City",[3556027],492,1135,,,
1,"Tiny, Township",[3543068],493,183,,,
1,"Trent Hills, Municipality",[3514045],494,183,,,
1,"Trent Lakes, Municipality",[3515044],495,183,,,
1,"Tudor and Cashel, Township",[3512048],496,183,,,
1,"Tweed, Municipality",[3512030],497,183,,,
1,"Val Rita-Harty, Township",[3556070],498,183,,,
1,"Warwick, Township",[3538043],499,183,,,
1,"Wasaga Beach, Town",[3543064],500,1136,,,
1,"Wawa, Municipality",[3557076],501,183,,,
1,"Wellesley, Township",[3530027],502,183,,,
1,"Wellington North, Township",[3523050],503,183,,,
1,"West Elgin, Municipality",[3534042],504,183,,,
1,"West Grey, Municipality",[3542004],505,183,,,
1,"West Lincoln, Township",[3526021],506,183,,,
1,"West Nipissing, Municipality",[3548055],507,183,,,
1,"West Perth, Municipality",[3531025],508,183,,,
1,"Westport, Village",[3507033],509,183,,,
1,"White River, Township",[3557091],510,183,,,
1,"Whitestone, Municipality",[3549039],511,183,,,
1,"Whitewater Region, Township",[3547056],512,183,,,
1,"Wollaston, Township",[3512054],513,183,,,
1,"Woodstock, City",[3532042],514,1137,,,
1,"Zorra, Township",[3532027],515,183,,,
1,"British Columbia",[59],516,,,,
1,"Abbotsford - Mission, Census metropolitan area (CMA)",[932],517,516,,,
1,"Abbotsford, City",[5909052],518,517,,,
1,"Mission, District municipality",[5909056],519,517,,,
1,"Kelowna, Census metropolitan area (CMA)",[915],520,516,,,
1,"Central Okanagan, Regional district electoral area",[5935012],521,520,,,
1,"Central Okanagan J, Regional district electoral area",[5935020],522,520,,,
1,"Kelowna, City",[5935010],523,520,,,
1,"Lake Country, District municipality",[5935016],524,520,,,
1,"Peachland, District municipality",[5935018],525,520,,,
1,"West Kelowna, District municipality",[5935029],526,520,,,
1,"Vancouver, Census metropolitan area (CMA)",[933],527,516,,,
1,"Anmore, Village",[5915038],528,527,,,
1,"Belcarra, Village",[5915036],529,527,,,
1,"Bowen Island, Island municipality",[5915062],530,527,,,
1,"Burnaby, City",[5915025],531,527,,,
1,"Coquitlam, City",[5915034],532,527,,,
1,"Delta, District municipality",[5915011],533,527,,,
1,"Langley, City",[5915002],534,527,,,
1,"Langley, District municipality",[5915001],535,527,,,
1,"Lions Bay, Village",[5915065],536,527,,,
1,"Maple Ridge, City",[5915075],537,527,,,
1,"Greater Vancouver A, Regional district electoral area",[5915020],538,527,,,
1,"New Westminster, City",[5915029],539,527,,,
1,"North Vancouver, City",[5915051],540,527,,,
1,"North Vancouver, District municipality",[5915046],541,527,,,
1,"Pitt Meadows, City",[5915070],542,527,,,
1,"Port Coquitlam, City",[5915039],543,527,,,
1,"Port Moody, City",[5915043],544,527,,,
1,"Richmond, City",[5915015],545,527,,,
1,"Surrey, City",[5915004],546,527,,,
1,"Vancouver, City",[5915022],547,527,,,
1,"West Vancouver, District municipality",[5915055],548,527,,,
1,"White Rock, City",[5915007],549,527,,,
1,"Victoria, Census metropolitan area (CMA)",[935],550,516,,,
1,"Central Saanich, District municipality",[5917015],551,550,,,
1,"Colwood, City",[5917041],552,550,,,
1,"Esquimalt, District municipality",[5917040],553,550,,,
1,"Highlands, District municipality",[5917049],554,550,,,
1,"Juan de Fuca (Part 1), Regional district electoral area",[5917054],555,550,,,
1,"Langford, City",[5917044],556,550,,,
1,"Metchosin, District municipality",[5917042],557,550,,,
1,"North Saanich, District municipality",[5917005],558,550,,,
1,"Oak Bay, District municipality",[5917030],559,550,,,
1,"Saanich, District municipality",[5917021],560,550,,,
1,"Sidney, Town",[5917010],561,550,,,
1,"Sooke, District municipality",[5917052],562,550,,,
1,"Victoria, City",[5917034],563,550,,,
1,"View Royal, Town",[5917047],564,550,,,
1,"Outside of census metropolitan and agglomeration areas, British Columbia",,565,516,,,
1,"Alberni-Clayoquot A, Regional district electoral area",[5923047],566,565,,,
1,"Alberni-Clayoquot B, Regional district electoral area",[5923033],567,1161,,,
1,"Alberni-Clayoquot C, Regional district electoral area",[5923049],568,565,,,
1,"Alberni-Clayoquot D, Regional district electoral area",[5923035],569,1161,,,
1,"Alberni-Clayoquot E, Regional district electoral area",[5923037],570,1161,,,
1,"Alberni-Clayoquot F, Regional district electoral area",[5923039],571,1161,,,
1,"Alert Bay, Village",[5943008],572,565,,,
1,"Armstrong, City",[5937028],573,565,,,
1,"Ashcroft, Village",[5933019],574,565,,,
1,"Barriere, District municipality",[5933074],575,565,,,
1,"Bulkley-Nechako A, Regional district electoral area",[5951051],576,565,,,
1,"Bulkley-Nechako B, Regional district electoral area",[5951028],577,565,,,
1,"Bulkley-Nechako C, Regional district electoral area",[5951015],578,565,,,
1,"Bulkley-Nechako D, Regional district electoral area",[5951017],579,565,,,
1,"Bulkley-Nechako E, Regional district electoral area",[5951031],580,565,,,
1,"Bulkley-Nechako F, Regional district electoral area",[5951019],581,565,,,
1,"Bulkley-Nechako G, Regional district electoral area",[5951053],582,565,,,
1,"Burns Lake, Village",[5951022],583,565,,,
1,"Cache Creek, Village",[5933024],584,565,,,
1,"Campbell River, City",[5924034],585,1149,,,
1,"Canal Flats, Village",[5901043],586,565,,,
1,"Cariboo A, Regional district electoral area",[5941019],587,1166,,,
1,"Cariboo B, Regional district electoral area",[5941021],588,1166,,,
1,"Cariboo C, Regional district electoral area",[5941026],589,1166,,,
1,"Cariboo D, Regional district electoral area",[5941010],590,1171,,,
1,"Cariboo E, Regional district electoral area",[5941012],591,1171,,,
1,"Cariboo F, Regional district electoral area",[5941014],592,565,,,
1,"Cariboo G, Regional district electoral area",[5941015],593,565,,,
1,"Cariboo H, Regional district electoral area",[5941016],594,565,,,
1,"Cariboo I, Regional district electoral area",[5941027],595,1166,,,
1,"Cariboo J, Regional district electoral area",[5941039],596,565,,,
1,"Cariboo K, Regional district electoral area",[5941041],597,565,,,
1,"Cariboo L, Regional district electoral area",[5941017],598,565,,,
1,"Castlegar, City",[5903045],599,565,,,
1,"Central Coast A, Regional district electoral area",[5945006],600,565,,,
1,"Central Coast C, Regional district electoral area",[5945010],601,565,,,
1,"Central Coast D, Regional district electoral area",[5945012],602,565,,,
1,"Central Coast E, Regional district electoral area",[5945014],603,565,,,
1,"Central Kootenay A, Regional district electoral area",[5903010],604,565,,,
1,"Central Kootenay B, Regional district electoral area",[5903013],605,565,,,
1,"Central Kootenay C, Regional district electoral area",[5903017],606,565,,,
1,"Central Kootenay D, Regional district electoral area",[5903039],607,565,,,
1,"Central Kootenay E, Regional district electoral area",[5903041],608,1158,,,
1,"Central Kootenay F, Regional district electoral area",[5903043],609,1158,,,
1,"Central Kootenay G, Regional district electoral area",[5903047],610,565,,,
1,"Central Kootenay H, Regional district electoral area",[5903052],611,565,,,
1,"Central Kootenay I, Regional district electoral area",[5903056],612,565,,,
1,"Central Kootenay J, Regional district electoral area",[5903058],613,565,,,
1,"Central Kootenay K, Regional district electoral area",[5903060],614,565,,,
1,"Chase, Village",[5933054],615,1156,,,
1,"Chetwynd, District municipality",[5955010],616,565,,,
1,"Chilliwack, City",[5909020],617,1150,,,
1,"Clearwater, District municipality",[5933067],618,565,,,
1,"Clinton, Village",[5933028],619,565,,,
1,"Coldstream, District municipality",[5937010],620,1170,,,
1,"Columbia-Shuswap A, Regional district electoral area",[5939011],621,565,,,
1,"Columbia-Shuswap B, Regional district electoral area",[5939023],622,565,,,
1,"Columbia-Shuswap C, Regional district electoral area",[5939037],623,565,,,
1,"Columbia-Shuswap D, Regional district electoral area",[5939039],624,565,,,
1,"Columbia-Shuswap E, Regional district electoral area",[5939043],625,565,,,
1,"Columbia-Shuswap F, Regional district electoral area",[5939044],626,565,,,
1,"Comox, Town",[5926005],627,1151,,,
1,"Comox Valley A, Regional district electoral area",[5926021],628,1151,,,
1,"Comox Valley B (Lazo North), Regional district electoral area",[5926022],629,1151,,,
1,"Comox Valley C (Puntledge - Black Creek), Regional district electoral area",[5926024],630,565,,,
1,"Courtenay, City",[5926010],631,1151,,,
1,"Cowichan Valley A, Regional district electoral area",[5919043],632,565,,,
1,"Cowichan Valley B, Regional district electoral area",[5919046],633,565,,,
1,"Cowichan Valley C, Regional district electoral area",[5919049],634,565,,,
1,"Cowichan Valley D, Regional district electoral area",[5919013],635,1154,,,
1,"Cowichan Valley E, Regional district electoral area",[5919051],636,1154,,,
1,"Cowichan Valley F, Regional district electoral area",[5919033],637,565,,,
1,"Cowichan Valley G, Regional district electoral area",[5919015],638,565,,,
1,"Cowichan Valley H, Regional district electoral area",[5919017],639,565,,,
1,"Cowichan Valley I, Regional district electoral area",[5919035],640,565,,,
1,"Cranbrook, City",[5901022],641,1152,,,
1,"Creston, Town",[5903004],642,565,,,
1,"Cumberland, Village",[5926014],643,565,,,
1,"Dawson Creek, City",[5955014],644,1153,,,
1,"Duncan, City",[5919012],645,1154,,,
1,"East Kootenay A, Regional district electoral area",[5901017],646,565,,,
1,"East Kootenay B, Regional district electoral area",[5901019],647,565,,,
1,"East Kootenay C, Regional district electoral area",[5901035],648,1152,,,
1,"East Kootenay E, Regional district electoral area",[5901037],649,565,,,
1,"East Kootenay F, Regional district electoral area",[5901046],650,565,,,
1,"East Kootenay G, Regional district electoral area",[5901048],651,565,,,
1,"Elkford, District municipality",[5901003],652,565,,,
1,"Enderby, City",[5937033],653,565,,,
1,"Fernie, City",[5901012],654,565,,,
1,"Fort St. James, District municipality",[5951013],655,565,,,
1,"Fort St. John, City",[5955034],656,1155,,,
1,"Fraser Lake, Village",[5951009],657,565,,,
1,"Fraser Valley A, Regional district electoral area",[5909014],658,565,,,
1,"Fraser Valley B, Regional district electoral area",[5909016],659,565,,,
1,"Fraser Valley C, Regional district electoral area",[5909048],660,565,,,
1,"Fraser Valley D, Regional district electoral area",[5909034],661,1150,,,
1,"Fraser Valley E, Regional district electoral area",[5909036],662,1150,,,
1,"Fraser Valley F, Regional district electoral area",[5909060],663,565,,,
1,"Fraser Valley G, Regional district electoral area",[5909062],664,565,,,
1,"Fraser Valley H, Regional district electoral area",[5909035],665,1150,,,
1,"Fraser-Fort George A, Regional district electoral area",[5953038],666,1164,,,
1,"Fraser-Fort George C, Regional district electoral area",[5953042],667,1164,,,
1,"Fraser-Fort George D, Regional district electoral area",[5953044],668,1164,,,
1,"Fraser-Fort George E, Regional district electoral area",[5953046],669,565,,,
1,"Fraser-Fort George F, Regional district electoral area",[5953048],670,1164,,,
1,"Fraser-Fort George G, Regional district electoral area",[5953050],671,565,,,
1,"Fraser-Fort George H, Regional district electoral area",[5953019],672,565,,,
1,"Fruitvale, Village",[5905005],673,565,,,
1,"Gibsons, Town",[5929005],674,565,,,
1,"Gold River, Village",[5924025],675,565,,,
1,"Golden, Town",[5939007],676,565,,,
1,"Grand Forks, City",[5905032],677,565,,,
1,"Granisle, Village",[5951032],678,565,,,
1,"Greenwood, City",[5905042],679,565,,,
1,"Harrison Hot Springs, Village",[5909027],680,1150,,,
1,"Hazelton, Village",[5949022],681,565,,,
1,"Hope, District municipality",[5909009],682,565,,,
1,"Houston, District municipality",[5951034],683,565,,,
1,"Hudson's Hope, District municipality",[5955025],684,565,,,
1,"Invermere, District municipality",[5901039],685,565,,,
1,"Juan de Fuca (Part 2), Regional district electoral area",[5917056],686,565,,,
1,"Kamloops, City",[5933042],687,1156,,,
1,"Kaslo, Village",[5903023],688,565,,,
1,"Kent, District municipality",[5909032],689,1150,,,
1,"Keremeos, Village",[5907009],690,565,,,
1,"Kimberley, City",[5901028],691,565,,,
1,"Kitimat, District municipality",[5949005],692,565,,,
1,"Kitimat-Stikine A, Regional district electoral area",[5949039],693,565,,,
1,"Kitimat-Stikine B, Regional district electoral area",[5949028],694,565,,,
1,"Kitimat-Stikine C (Part 1), Regional district electoral area",[5949013],695,565,,,
1,"Kitimat-Stikine C (Part 2), Regional district electoral area",[5949020],696,565,,,
1,"Kitimat-Stikine D, Regional district electoral area",[5949041],697,565,,,
1,"Kitimat-Stikine E, Regional district electoral area",[5949018],698,1169,,,
1,"Kitimat-Stikine F, Regional district electoral area",[5949038],699,565,,,
1,"Kootenay Boundary A, Regional district electoral area",[5905026],700,565,,,
1,"Kootenay Boundary B / Lower Columbia-Old-Glory, Regional district electoral area",[5905030],701,565,,,
1,"Kootenay Boundary C / Christina Lake, Regional district electoral area",[5905050],702,565,,,
1,"Kootenay Boundary D / Rural Grand Forks, Regional district electoral area",[5905052],703,565,,,
1,"Kootenay Boundary E / West Boundary, Regional district electoral area",[5905054],704,565,,,
1,"Ladysmith, Town",[5919021],705,565,,,
1,"Lake Cowichan, Town",[5919016],706,565,,,
1,"Lantzville, District municipality",[5921008],707,1157,,,
1,"Lillooet, District municipality",[5931026],708,565,,,
1,"Logan Lake, District municipality",[5933035],709,1156,,,
1,"Lumby, Village",[5937005],710,565,,,
1,"Lytton, Village",[5933015],711,565,,,
1,"Mackenzie, District municipality",[5953033],712,565,,,
1,"Masset, Village",[5947023],713,565,,,
1,"McBride, Village",[5953012],714,565,,,
1,"Merritt, City",[5933006],715,565,,,
1,"Midway, Village",[5905037],716,565,,,
1,"Montrose, Village",[5905009],717,565,,,
1,"Mount Waddington A, Regional district electoral area",[5943037],718,565,,,
1,"Mount Waddington B, Regional district electoral area",[5943027],719,565,,,
1,"Mount Waddington C, Regional district electoral area",[5943031],720,565,,,
1,"Mount Waddington D, Regional district electoral area",[5943033],721,565,,,
1,"Nakusp, Village",[5903050],722,565,,,
1,"Nanaimo, City",[5921007],723,1157,,,
1,"Nanaimo A, Regional district electoral area",[5921010],724,1157,,,
1,"Nanaimo B, Regional district electoral area",[5921014],725,565,,,
1,"Nanaimo C, Regional district electoral area",[5921016],726,1157,,,
1,"Nanaimo E, Regional district electoral area",[5921030],727,565,,,
1,"Nanaimo F, Regional district electoral area",[5921032],728,565,,,
1,"Nanaimo G, Regional district electoral area",[5921034],729,1159,,,
1,"Nanaimo H, Regional district electoral area",[5921036],730,565,,,
1,"Nelson, City",[5903015],731,1158,,,
1,"New Denver, Village",[5903032],732,565,,,
1,"New Hazelton, District municipality",[5949024],733,565,,,
1,"Skeena-Queen Charlotte A, Regional district electoral area",[5947016],734,565,,,
1,"Skeena-Queen Charlotte C, Regional district electoral area",[5947021],735,565,,,
1,"Skeena-Queen Charlotte D, Regional district electoral area",[5947027],736,565,,,
1,"Skeena-Queen Charlotte E, Regional district electoral area",[5947032],737,565,,,
1,"North Cowichan, District municipality",[5919008],738,1154,,,
1,"North Okanagan B, Regional district electoral area",[5937017],739,1170,,,
1,"North Okanagan C, Regional district electoral area",[5937021],740,1170,,,
1,"North Okanagan D, Regional district electoral area",[5937022],741,565,,,
1,"North Okanagan E, Regional district electoral area",[5937023],742,565,,,
1,"North Okanagan F, Regional district electoral area",[5937041],743,565,,,
1,"Northern Rockies, Regional municipality",[5959007],744,565,,,
1,"Okanagan-Similkameen A, Regional district electoral area",[5907022],745,565,,,
1,"Okanagan-Similkameen B, Regional district electoral area",[5907026],746,565,,,
1,"Okanagan-Similkameen C, Regional district electoral area",[5907028],747,565,,,
1,"Okanagan-Similkameen D, Regional district electoral area",[5907047],748,1160,,,
1,"Okanagan-Similkameen E, Regional district electoral area",[5907049],749,565,,,
1,"Okanagan-Similkameen F, Regional district electoral area",[5907051],750,1160,,,
1,"Okanagan-Similkameen G, Regional district electoral area",[5907053],751,565,,,
1,"Okanagan-Similkameen H, Regional district electoral area",[5907055],752,565,,,
1,"Oliver, Town",[5907014],753,565,,,
1,"One Hundred Mile House, District municipality",[5941005],754,565,,,
1,"Osoyoos, Town",[5907005],755,565,,,
1,"Parksville, City",[5921018],756,1159,,,
1,"Peace River B, Regional district electoral area",[5955040],757,565,,,
1,"Peace River C, Regional district electoral area",[5955042],758,1155,,,
1,"Peace River D, Regional district electoral area",[5955021],759,565,,,
1,"Peace River E, Regional district electoral area",[5955023],760,565,,,
1,"Pemberton, Village",[5931012],761,565,,,
1,"Penticton, City",[5907041],762,1160,,,
1,"Port Alberni, City",[5923008],763,1161,,,
1,"Port Alice, Village",[5943017],764,565,,,
1,"Port Clements, Village",[5947030],765,565,,,
1,"Port Edward, District municipality",[5947007],766,1165,,,
1,"Port Hardy, District municipality",[5943023],767,565,,,
1,"Port McNeill, Town",[5943012],768,565,,,
1,"Pouce Coupe, Village",[5955005],769,565,,,
1,"Powell River, City",[5927008],770,1162,,,
1,"Powell River A, Regional district electoral area",[5927010],771,565,,,
1,"Powell River B, Regional district electoral area",[5927012],772,1162,,,
1,"Powell River C, Regional district electoral area",[5927016],773,1162,,,
1,"Powell River D, Regional district electoral area",[5927018],774,565,,,
1,"Powell River E, Regional district electoral area",[5927020],775,565,,,
1,"Prince George, City",[5953023],776,1164,,,
1,"Prince Rupert, City",[5947012],777,1165,,,
1,"Princeton, Town",[5907024],778,565,,,
1,"Qualicum Beach, Town",[5921023],779,1159,,,
1,"Queen Charlotte, Village",[5947026],780,565,,,
1,"Quesnel, City",[5941013],781,1166,,,
1,"Radium Hot Springs, Village",[5901040],782,565,,,
1,"Revelstoke, City",[5939019],783,565,,,
1,"Rossland, City",[5905023],784,565,,,
1,"Salmo, Village",[5903011],785,565,,,
1,"Salmon Arm, City",[5939032],786,1167,,,
1,"Saltspring Island, Regional district electoral area",[5917027],787,565,,,
1,"Sayward, Village",[5924039],788,565,,,
1,"Sechelt, District municipality",[5929011],789,565,,,
1,"Sicamous, District municipality",[5939045],790,565,,,
1,"Silverton, Village",[5903027],791,565,,,
1,"Slocan, Village",[5903019],792,565,,,
1,"Smithers, Town",[5951043],793,565,,,
1,"Southern Gulf Islands, Regional district electoral area",[5917029],794,565,,,
1,"Spallumcheen, District municipality",[5937024],795,565,,,
1,"Sparwood, District municipality",[5901006],796,565,,,
1,"Squamish, District municipality",[5931006],797,1168,,,
1,"Squamish-Lillooet A, Regional district electoral area",[5931032],798,565,,,
1,"Squamish-Lillooet B, Regional district electoral area",[5931034],799,565,,,
1,"Squamish-Lillooet C, Regional district electoral area",[5931017],800,565,,,
1,"Squamish-Lillooet D, Regional district electoral area",[5931021],801,565,,,
1,"Stewart, District municipality",[5949032],802,565,,,
1,"Stikine Region, Regional district electoral area",[5957022],803,565,,,
1,"Strathcona A, Regional district electoral area",[5924048],804,565,,,
1,"Strathcona B, Regional district electoral area",[5924052],805,565,,,
1,"Strathcona C, Regional district electoral area",[5924054],806,565,,,
1,"Strathcona D (Oyster Bay - Buttle Lake), Regional district electoral area",[5924042],807,1149,,,
1,"Summerland, District municipality",[5907035],808,565,,,
1,"Sun Peaks Mountain, Village",[5933045],809,1156,,,
1,"Sunshine Coast A, Regional district electoral area",[5929018],810,565,,,
1,"Sunshine Coast B, Regional district electoral area",[5929022],811,565,,,
1,"Sunshine Coast D, Regional district electoral area",[5929024],812,565,,,
1,"Sunshine Coast E, Regional district electoral area",[5929026],813,565,,,
1,"Sunshine Coast F, Regional district electoral area",[5929028],814,565,,,
1,"Tahsis, Village",[5924030],815,565,,,
1,"Taylor, District municipality",[5955030],816,1155,,,
1,"Telkwa, Village",[5951038],817,565,,,
1,"Terrace, City",[5949011],818,1169,,,
1,"Thompson-Nicola A (Wells Gray Country), Regional district electoral area",[5933068],819,565,,,
1,"Thompson-Nicola B (Thompson Headwaters), Regional district electoral area",[5933070],820,565,,,
1,"Thompson-Nicola E (Bonaparte Plateau), Regional district electoral area",[5933032],821,565,,,
1,"Thompson-Nicola I (Blue Sky Country), Regional district electoral area",[5933037],822,565,,,
1,"Thompson-Nicola J (Copper Desert Country), Regional district electoral area",[5933039],823,1156,,,
1,"Thompson-Nicola L (Grasslands), Regional district electoral area",[5933060],824,565,,,
1,"Thompson-Nicola M (Beautiful Nicola Valley - North), Regional district electoral area",[5933008],825,565,,,
1,"Thompson-Nicola N (Beautiful Nicola Valley - South), Regional district electoral area",[5933012],826,565,,,
1,"Thompson-Nicola O (Lower North Thompson), Regional district electoral area",[5933072],827,565,,,
1,"Thompson-Nicola P (Rivers and the Peaks), Regional district electoral area",[5933044],828,1156,,,
1,"Tofino, District municipality",[5923025],829,565,,,
1,"Trail, City",[5905014],830,565,,,
1,"Tumbler Ridge, District municipality",[5955003],831,565,,,
1,"Ucluelet, District municipality",[5923019],832,565,,,
1,"Valemount, Village",[5953007],833,565,,,
1,"Vanderhoof, District municipality",[5951007],834,565,,,
1,"Vernon, City",[5937014],835,1170,,,
1,"Warfield, Village",[5905018],836,565,,,
1,"Wells, District municipality",[5941025],837,1166,,,
1,"Whistler, District municipality",[5931020],838,565,,,
1,"Williams Lake, City",[5941009],839,1171,,,
1,"Zeballos, Village",[5924029],840,565,,,
1,"Cape Breton, Census agglomeration (CA)",[225],841,1,,,
1,"Kentville, Census agglomeration (CA)",[210],842,1,,,
1,"New Glasgow, Census agglomeration (CA)",[220],843,1,,,
1,"Truro, Census agglomeration (CA)",[215],844,1,,,
1,"New Brunswick",[13],845,,,,
1,"Bathurst, Census agglomeration (CA)",[328],846,845,,,
1,"Bathurst, City",[1315011],847,846,,,
1,"Bathurst, Parish",[1315008],848,846,,,
1,"Beresford, Parish",[1315012],849,846,,,
1,"Beresford, Town",[1315015],850,846,,,
1,"Nigadoo, Village",[1315037],851,846,,,
1,"Petit-Rocher, Village",[1315014],852,846,,,
1,"Pointe-Verte, Village",[1315013],853,846,,,
1,"Campbellton (New Brunswick part), Census agglomeration (CA) – provincial part",[13330],854,845,,,
1,"Addington, Parish",[1314012],855,854,,,
1,"Atholville, Village",[1314013],856,854,,,
1,"Campbellton, City",[1314014],857,854,,,
1,"Dalhousie, Parish",[1314008],858,854,,,
1,"Tide Head, Village",[1314015],859,854,,,
1,"Edmundston, Census agglomeration (CA)",[335],860,845,,,
1,"Baker Brook, Parish",[1313034],861,860,,,
1,"Baker-Brook, Village",[1313035],862,860,,,
1,"Edmundston, City",[1313027],863,860,,,
1,"Rivière-Verte, Parish",[1313015],864,860,,,
1,"Rivière-Verte, Village",[1313014],865,860,,,
1,"Saint-Basile, Parish",[1313018],866,860,,,
1,"Saint-Hilaire, Parish",[1313032],867,860,,,
1,"Saint-Jacques, Parish",[1313024],868,860,,,
1,"Saint-Joseph, Parish",[1313022],869,860,,,
1,"St. Hilaire, Village",[1313033],870,860,,,
1,"Fredericton, Census agglomeration (CA)",[320],871,845,,,
1,"Bright, Parish",[1310026],872,871,,,
1,"Douglas, Parish",[1310028],873,871,,,
1,"Fredericton, City",[1310032],874,871,,,
1,"Gladstone, Parish",[1303004],875,871,,,
1,"Hanwell, Rural community",[1310017],876,871,,,
1,"Harvey, Village",[1310005],877,871,,,
1,"Kingsclear, Parish",[1310018],878,871,,,
1,"Lincoln, Parish",[1303008],879,871,,,
1,"Manners Sutton, Parish",[1310004],880,871,,,
1,"Maugerville, Parish",[1303016],881,871,,,
1,"New Maryland, Parish",[1310001],882,871,,,
1,"New Maryland, Village",[1310002],883,871,,,
1,"Queensbury, Parish",[1310021],884,871,,,
1,"Saint Marys, Parish",[1310031],885,871,,,
1,"Tracy, Village",[1303005],886,871,,,
1,"Miramichi, Census agglomeration (CA)",[329],887,845,,,
1,"Chatham, Parish",[1309006],888,887,,,
1,"Derby, Parish",[1309011],889,887,,,
1,"Glenelg, Parish",[1309004],890,887,,,
1,"Miramichi, City",[1309050],891,887,,,
1,"Nelson, Parish",[1309014],892,887,,,
1,"Newcastle, Parish",[1309031],893,887,,,
1,"Northesk, Parish",[1309028],894,887,,,
1,"Southesk, Parish",[1309026],895,887,,,
1,"Moncton, Census metropolitan area (CMA)",[305],896,845,,,
1,"Coverdale, Parish",[1306014],897,896,,,
1,"Dieppe, City",[1307045],898,896,,,
1,"Dorchester, Parish",[1307011],899,896,,,
1,"Dorchester, Village",[1307012],900,896,,,
1,"Elgin, Parish",[1306008],901,896,,,
1,"Hillsborough, Parish",[1306011],902,896,,,
1,"Hillsborough, Village",[1306025],903,896,,,
1,"Hopewell, Parish",[1306001],904,896,,,
1,"Memramcook, Village",[1307013],905,896,,,
1,"Moncton, City",[1307022],906,896,,,
1,"Moncton, Parish",[1307019],907,896,,,
1,"Riverview, Town",[1306020],908,896,,,
1,"Saint-Paul, Parish",[1308008],909,896,,,
1,"Salisbury, Village",[1307028],910,896,,,
1,"Saint John, Census metropolitan area (CMA)",[310],911,845,,,
1,"Grand Bay-Westfield, Town",[1305015],912,911,,,
1,"Greenwich, Parish",[1305038],913,911,,,
1,"Hampton, Parish",[1305006],914,911,,,
1,"Hampton, Town",[1305007],915,911,,,
1,"Kingston, Parish",[1305014],916,911,,,
1,"Lepreau, Parish",[1302008],917,911,,,
1,"Musquash, Parish",[1301016],918,911,,,
1,"Norton, Parish",[1305016],919,911,,,
1,"Petersville, Parish",[1304001],920,911,,,
1,"Quispamsis, Town",[1305057],921,911,,,
1,"Rothesay, Parish",[1305008],922,911,,,
1,"Rothesay, Town",[1305045],923,911,,,
1,"Saint John, City",[1301006],924,911,,,
1,"Saint Martins, Parish",[1301001],925,911,,,
1,"Simonds, Parish",[1301004],926,911,,,
1,"St. Martins, Village",[1301002],927,911,,,
1,"Upham, Parish",[1305004],928,911,,,
1,"Westfield, Parish",[1305011],929,911,,,
1,"Outside of census metropolitan and agglomeration areas, New Brunswick",,930,845,,,
1,"Aberdeen, Parish",[1311026],931,930,,,
1,"Acadieville, Parish",[1308024],932,930,,,
1,"Allardville, Parish",[1315006],933,930,,,
1,"Alma, Parish",[1306007],934,930,,,
1,"Alma, Village",[1306006],935,930,,,
1,"Alnwick, Parish",[1309036],936,930,,,
1,"Andover, Parish",[1312001],937,930,,,
1,"Aroostook, Village",[1312002],938,930,,,
1,"Balmoral, Parish",[1314005],939,930,,,
1,"Balmoral, Village",[1314006],940,930,,,
1,"Bas-Caraquet, Village",[1315027],941,930,,,
1,"Bath, Village",[1311030],942,930,,,
1,"Beaubassin East, Rural community",[1307005],943,930,,,
1,"Belledune, Village",[1314025],944,930,,,
1,"Bertrand, Village",[1315036],945,930,,,
1,"Blacks Harbour, Village",[1302012],946,930,,,
1,"Blackville, Parish",[1309018],947,930,,,
1,"Blackville, Village",[1309019],948,930,,,
1,"Blissfield, Parish",[1309021],949,930,,,
1,"Blissville, Parish",[1303001],950,930,,,
1,"Botsford, Parish",[1307004],951,930,,,
1,"Bouctouche, Town",[1308005],952,930,,,
1,"Brighton, Parish",[1311011],953,930,,,
1,"Brunswick, Parish",[1304016],954,930,,,
1,"Burton, Parish",[1303011],955,930,,,
1,"Cambridge, Parish",[1304011],956,930,,,
1,"Cambridge-Narrows, Village",[1304013],957,930,,,
1,"Campobello Island, Rural community",[1302004],958,930,,,
1,"Canning, Parish",[1304021],959,930,,,
1,"Canterbury, Parish",[1310011],960,930,,,
1,"Canterbury, Village",[1310012],961,930,,,
1,"Cap-Pelé, Village",[1307007],962,930,,,
1,"Caraquet, Parish",[1315026],963,930,,,
1,"Caraquet, Town",[1315028],964,930,,,
1,"Cardwell, Parish",[1305026],965,930,,,
1,"Carleton, Parish",[1308026],966,930,,,
1,"Centreville, Village",[1311019],967,930,,,
1,"Charlo, Village",[1314004],968,930,,,
1,"Chipman, Parish",[1304024],969,930,,,
1,"Chipman, Village",[1304025],970,930,,,
1,"Clair, Parish",[1313038],971,930,,,
1,"Clair, Village",[1313039],972,930,,,
1,"Clarendon, Parish",[1302014],973,930,,,
1,"Cocagne, Rural community",[1308002],974,930,,,
1,"Colborne, Parish",[1314003],975,930,,,
1,"Dalhousie, Town",[1314017],976,930,,,
1,"Denmark, Parish",[1312014],977,930,,,
1,"Doaktown, Village",[1309022],978,930,,,
1,"Drummond, Parish",[1312021],979,930,,,
1,"Drummond, Village",[1312023],980,930,,,
1,"Dufferin, Parish",[1302031],981,930,,,
1,"Dumbarton, Parish",[1302044],982,930,,,
1,"Dumfries, Parish",[1310014],983,930,,,
1,"Dundas, Parish",[1308001],984,930,,,
1,"Durham, Parish",[1314001],985,930,,,
1,"Eel River Crossing, Village",[1314011],986,930,,,
1,"Eldon, Parish",[1314016],987,930,,,
1,"Florenceville-Bristol, Town",[1311027],988,930,,,
1,"Fredericton Junction, Village",[1303006],989,930,,,
1,"Gagetown, Parish",[1304004],990,930,,,
1,"Gagetown, Village",[1304005],991,930,,,
1,"Gordon, Parish",[1312008],992,930,,,
1,"Grand Falls, Parish",[1312016],993,930,,,
1,"Grand Falls, Town",[1312019],994,930,,,
1,"Grand Manan, Parish",[1302001],995,930,,,
1,"Grand Manan, Village",[1302052],996,930,,,
1,"Grande-Anse, Village",[1315038],997,930,,,
1,"Hammond, Parish",[1305001],998,930,,,
1,"Hampstead, Parish",[1304006],999,930,,,
1,"Harcourt, Parish",[1308010],1000,930,,,
1,"Hardwicke, Parish",[1309001],1001,930,,,
1,"Hartland, Town",[1311012],1002,930,,,
1,"Harvey, Parish",[1306004],1003,930,,,
1,"Havelock, Parish",[1305028],1004,930,,,
1,"Huskisson, Parish",[1308012],1005,930,,,
1,"Inkerman, Parish",[1315024],1006,930,,,
1,"Johnston, Parish",[1304014],1007,930,,,
1,"Kars, Parish",[1305036],1008,930,,,
1,"Kedgwick, Rural community",[1314020],1009,930,,,
1,"Kent, Parish",[1311028],1010,930,,,
1,"Lac Baker, Village",[1313037],1011,930,,,
1,"Lac-Baker, Parish",[1313036],1012,930,,,
1,"Lamèque, Town",[1315032],1013,930,,,
1,"Le Goulet, Village",[1315030],1014,930,,,
1,"Lorne, Parish",[1312011],1015,930,,,
1,"Madawaska, Parish",[1313028],1016,930,,,
1,"Maisonnette, Village",[1315040],1017,930,,,
1,"McAdam, Parish",[1310007],1018,930,,,
1,"McAdam, Village",[1310006],1019,930,,,
1,"Meductic, Village",[1310013],1020,930,,,
1,"Millville, Village",[1310025],1021,930,,,
1,"Minto, Village",[1304022],1022,930,,,
1,"Nackawic, Town",[1310054],1023,930,,,
1,"Neguac, Village",[1309038],1024,930,,,
1,"New Bandon, Parish",[1315016],1025,930,,,
1,"North Lake, Parish",[1310008],1026,930,,,
1,"Northampton, Parish",[1311008],1027,930,,,
1,"Northfield, Parish",[1303018],1028,930,,,
1,"Norton, Village",[1305018],1029,930,,,
1,"Notre-Dame-de-Lourdes, Parish",[1313008],1030,930,,,
1,"Oromocto, Town",[1303012],1031,930,,,
1,"Paquetville, Parish",[1315019],1032,930,,,
1,"Paquetville, Village",[1315020],1033,930,,,
1,"Peel, Parish",[1311024],1034,930,,,
1,"Pennfield, Parish",[1302011],1035,930,,,
1,"Perth, Parish",[1312004],1036,930,,,
1,"Perth-Andover, Village",[1312006],1037,930,,,
1,"Petitcodiac, Village",[1307029],1038,930,,,
1,"Plaster Rock, Village",[1312009],1039,930,,,
1,"Port Elgin, Village",[1307002],1040,930,,,
1,"Prince William, Parish",[1310016],1041,930,,,
1,"Rexton, Village",[1308017],1042,930,,,
1,"Richibucto, Parish",[1308016],1043,930,,,
1,"Richibucto, Town",[1308018],1044,930,,,
1,"Richmond, Parish",[1311001],1045,930,,,
1,"Riverside-Albert, Village",[1306003],1046,930,,,
1,"Rogersville, Parish",[1309016],1047,930,,,
1,"Rogersville, Village",[1309017],1048,930,,,
1,"Sackville, Parish",[1307008],1049,930,,,
1,"Sackville, Town",[1307009],1050,930,,,
1,"Saint Andrews, Parish",[1302024],1051,930,,,
1,"Saint Andrews, Town",[1302026],1052,930,,,
1,"Saint Croix, Parish",[1302028],1053,930,,,
1,"Saint David, Parish",[1302042],1054,930,,,
1,"Saint George, Parish",[1302016],1055,930,,,
1,"Saint James, Parish",[1302039],1056,930,,,
1,"Saint Mary, Parish",[1308006],1057,930,,,
1,"Saint Patrick, Parish",[1302021],1058,930,,,
1,"Saint Stephen, Parish",[1302034],1059,930,,,
1,"Saint-André, Parish",[1313001],1060,930,,,
1,"Saint-André, Rural community",[1313002],1061,930,,,
1,"Saint-Antoine, Village",[1308007],1062,930,,,
1,"Saint-Charles, Parish",[1308019],1063,930,,,
1,"Saint-François de Madawaska, Village",[1313042],1064,930,,,
1,"Saint-François, Parish",[1313041],1065,930,,,
1,"Saint-Isidore, Parish",[1315021],1066,930,,,
1,"Saint-Isidore, Village",[1315022],1067,930,,,
1,"Saint-Louis de Kent, Village",[1308022],1068,930,,,
1,"Saint-Louis, Parish",[1308021],1069,930,,,
1,"Saint-Léolin, Village",[1315017],1070,930,,,
1,"Saint-Léonard, Parish",[1313004],1071,930,,,
1,"Saint-Léonard, Town",[1313006],1072,930,,,
1,"Saint-Quentin, Parish",[1314021],1073,930,,,
1,"Saint-Quentin, Town",[1314022],1074,930,,,
1,"Sainte-Anne, Parish",[1313011],1075,930,,,
1,"Sainte-Anne-de-Madawaska, Village",[1313012],1076,930,,,
1,"Sainte-Marie-Saint-Raphaël, Village",[1315033],1077,930,,,
1,"Salisbury, Parish",[1307024],1078,930,,,
1,"Shediac, Parish",[1307016],1079,930,,,
1,"Shediac, Town",[1307052],1080,930,,,
1,"Sheffield, Parish",[1303014],1081,930,,,
1,"Shippagan, Parish",[1315029],1082,930,,,
1,"Shippagan, Town",[1315031],1083,930,,,
1,"Simonds, Parish",[1311021],1084,930,,,
1,"Southampton, Parish",[1310024],1085,930,,,
1,"Springfield, Parish",[1305034],1086,930,,,
1,"St. George, Town",[1302018],1087,930,,,
1,"St. Stephen, Town",[1302037],1088,930,,,
1,"Stanley, Parish",[1310036],1089,930,,,
1,"Stanley, Village",[1310037],1090,930,,,
1,"Studholm, Parish",[1305031],1091,930,,,
1,"Sussex Corner, Village",[1305023],1092,930,,,
1,"Sussex, Parish",[1305021],1093,930,,,
1,"Sussex, Town",[1305022],1094,930,,,
1,"Tracadie, Regional municipality",[1315002],1095,930,,,
1,"Upper Miramichi, Rural community",[1309027],1096,930,,,
1,"Wakefield, Parish",[1311014],1097,930,,,
1,"Waterborough, Parish",[1304018],1098,930,,,
1,"Waterford, Parish",[1305024],1099,930,,,
1,"Weldford, Parish",[1308014],1100,930,,,
1,"Wellington, Parish",[1308004],1101,930,,,
1,"West Isles, Parish",[1302006],1102,930,,,
1,"Westmorland, Parish",[1307001],1103,930,,,
1,"Wickham, Parish",[1304008],1104,930,,,
1,"Wicklow, Parish",[1311031],1105,930,,,
1,"Wilmot, Parish",[1311018],1106,930,,,
1,"Woodstock, Parish",[1311004],1107,930,,,
1,"Woodstock, Town",[1311006],1108,930,,,
1,"Arnprior, Census agglomeration (CA)",[507],1109,74,,,
1,"Brockville, Census agglomeration (CA)",[512],1110,74,,,
1,"Carleton Place, Census agglomeration (CA)",[509],1111,74,,,
1,"Centre Wellington, Census agglomeration (CA)",[531],1112,74,,,
1,"Chatham-Kent, Census agglomeration (CA)",[556],1113,74,,,
1,"Cobourg, Census agglomeration (CA)",[527],1114,74,,,
1,"Collingwood, Census agglomeration (CA)",[567],1115,74,,,
1,"Cornwall, Census agglomeration (CA)",[501],1116,74,,,
1,"Elliot Lake, Census agglomeration (CA)",[582],1117,74,,,
1,"Hawkesbury (Ontario part), Census agglomeration (CA) – provincial part",[35502],1118,74,,,
1,"Ingersoll, Census agglomeration (CA)",[533],1119,74,,,
1,"Kawartha Lakes, Census agglomeration (CA)",[530],1120,74,,,
1,"Kenora, Census agglomeration (CA)",[598],1121,74,,,
1,"Leamington, Census agglomeration (CA)",[557],1122,74,,,
1,"Midland, Census agglomeration (CA)",[571],1123,74,,,
1,"Norfolk, Census agglomeration (CA)",[547],1124,74,,,
1,"North Bay, Census agglomeration (CA)",[575],1125,74,,,
1,"Orillia, Census agglomeration (CA)",[569],1126,74,,,
1,"Owen Sound, Census agglomeration (CA)",[566],1127,74,,,
1,"Pembroke, Census agglomeration (CA)",[515],1128,74,,,
1,"Petawawa, Census agglomeration (CA)",[516],1129,74,,,
1,"Port Hope, Census agglomeration (CA)",[528],1130,74,,,
1,"Sarnia, Census agglomeration (CA)",[562],1131,74,,,
1,"Sault Ste. Marie, Census agglomeration (CA)",[590],1132,74,,,
1,"Stratford, Census agglomeration (CA)",[553],1133,74,,,
1,"Tillsonburg, Census agglomeration (CA)",[546],1134,74,,,
1,"Timmins, Census agglomeration (CA)",[586],1135,74,,,
1,"Wasaga Beach, Census agglomeration (CA)",[565],1136,74,,,
1,"Woodstock, Census agglomeration (CA)",[544],1137,74,,,
1,"Algoma, Unorganized, South East Part, Unorganized",[3557094],1138,183,,,
1,"Cochrane, Unorganized, South East Part, Unorganized",[3556098],1139,183,,,
1,"Cochrane, Unorganized, South West Part, Unorganized",[3556091],1140,183,,,
1,"Lansdowne House, Indian Settlement",[3560081],1141,183,,,
1,"McDowell Lake, Indian Settlement",[3560102],1142,183,,,
1,"Nipissing, Unorganized, South Part, Unorganized",[3548091],1143,183,,,
1,"Parry Sound, Unorganized, North East Part, Unorganized",[3549095],1144,183,,,
1,"Peawanuck, Indian Settlement",[3560091],1145,183,,,
1,"Slate Falls, Indian Settlement",[3560046],1146,183,,,
1,"Summer Beaver, Indian Settlement",[3560086],1147,183,,,
1,"Timiskaming, Unorganized, East Part, Unorganized",[3554091],1148,183,,,
1,"Campbell River, Census agglomeration (CA)",[944],1149,516,,,
1,"Chilliwack, Census agglomeration (CA)",[930],1150,516,,,
1,"Courtenay, Census agglomeration (CA)",[943],1151,516,,,
1,"Cranbrook, Census agglomeration (CA)",[905],1152,516,,,
1,"Dawson Creek, Census agglomeration (CA)",[975],1153,516,,,
1,"Duncan, Census agglomeration (CA)",[937],1154,516,,,
1,"Fort St. John, Census agglomeration (CA)",[977],1155,516,,,
1,"Kamloops, Census agglomeration (CA)",[925],1156,516,,,
1,"Nanaimo, Census agglomeration (CA)",[938],1157,516,,,
1,"Nelson, Census agglomeration (CA)",[907],1158,516,,,
1,"Parksville, Census agglomeration (CA)",[939],1159,516,,,
1,"Penticton, Census agglomeration (CA)",[913],1160,516,,,
1,"Port Alberni, Census agglomeration (CA)",[940],1161,516,,,
1,"Powell River, Census agglomeration (CA)",[945],1162,516,,,
1,"Sechelt (Part), Indian government district",[5927806],1163,1162,,,
1,"Prince George, Census agglomeration (CA)",[970],1164,516,,,
1,"Prince Rupert, Census agglomeration (CA)",[955],1165,516,,,
1,"Quesnel, Census agglomeration (CA)",[952],1166,516,,,
1,"Salmon Arm, Census agglomeration (CA)",[920],1167,516,,,
1,"Squamish, Census agglomeration (CA)",[934],1168,516,,,
1,"Terrace, Census agglomeration (CA)",[965],1169,516,,,
1,"Vernon, Census agglomeration (CA)",[918],1170,516,,,
1,"Williams Lake, Census agglomeration (CA)",[950],1171,516,,,
1,"Good Hope Lake, Indian Settlement",[5957804],1172,565,,,
1,"Ingenika Point, Indian Settlement",[5955812],1173,565,,,
1,"Lower Post, Indian Settlement",[5957813],1174,565,,,
1,"Nisga'a, Nisga'a land",[5949035],1175,565,,,
1,"Sechelt (Part), Indian government district",[5929803],1176,565,,,
2,"Total, all owner-occupied property types",,1,,,,
2,"Single-detached house",,2,1,,,
2,"Semi-detached house",,3,1,,,
2,"Row house",,4,1,,,
2,"Condominium apartment",,5,1,,5,
2,"Property with multiple residential units",,6,1,,6,
2,"Other property type",,7,1,,7,
2,"Mobile homes",,8,1,,11,
3,"Total, all number of properties owned categories",,1,,,,
3,"Single-property owner",,2,1,,,
3,"Owns one property",,3,2,,,
3,"Multiple-property owner",,4,1,,,
3,"Owns two properties",,5,4,,,
3,"Owns three properties",,6,4,,,
3,"Owns four or more properties",,7,4,,,
4,"Total, all sex of property owner categories",,1,,,,
4,Male,,2,1,,,
4,Female,,3,1,,,
4,"Unspecified sex",,4,1,,,
5,"Proportion of owners by geography",,1,,,3,
5,"Owner-occupied property type, percentage",,2,,,3,
5,"Number of properties owned, percentage",,3,,,3,
5,"Sex of property owner, percentage",,4,,,3,
5,"Average assessment value of the owner-occupied property",,5,,,9,
5,"Median assessment value of the owner-occupied property",,6,,,9,
5,"Average total assessment value of all the owner's properties",,7,,,9;10,
5,"Median total assessment value of all the owner's properties",,8,,,9;10,
5,"Average age of property owner",,9,,,,
5,"Median age of property owner",,10,,,,
5,"Average total income of property owner",,11,,,12,
5,"Median total income of property owner",,12,,,12,

Symbol Legend
Description,Symbol
"not available for a specific reference period",..
"less than the limit of detection",<LOD
"value rounded to 0 (zero) where there is a meaningful distinction between true zero and the value that was rounded",0s
"data quality: excellent",A
"data quality: very good",B
"data quality: good",C
"data quality: acceptable",D
"use with caution",E
"too unreliable to be published",F
"not applicable",...
preliminary,p
revised,r
"suppressed to meet the confidentiality requirements of the Statistics Act",x
terminated,t

"Survey Code","Survey Name"
5257,"Canadian Housing Statistics Program"

"Subject Code","Subject Name"
46,Housing

"Note ID",Note
1,"The universe of this table is restricted to individual resident owners who occupy a residential property. An owner's geographic location is determined by the location of the occupied property for both single- and multiple-property owners. A residential property refers to all land and structures intended for private occupancy whether on a permanent or a temporary basis."
2,"The geographic boundaries used in this table are the 2016 census subdivisions boundaries."
3,"Counts undergo random rounding, a process that transforms all raw counts into randomly rounded counts. This reduces the possibility of identifying individuals in the tabulations. All percentages are derived from rounded counts, subtotals and totals may not exactly equal the sum of components due to system rounding."
4,"""Property type"" refers to property characteristics and/or dwelling configuration, on which there can be one or more residential structures. Property types include single-detached houses, semi-detached houses, condominium apartments, mobile homes, other property types, properties with multiple residential units, and vacant land."
5,"A ""condominium apartment"" refers to a set of living quarters that is owned individually, while land and common elements are held in joint ownership with others."
6,"A ""property with multiple residential"" units refers to a property containing more than one set of living quarters owned by the same owner(s), as is the case for an apartment building or a duplex."
7,"An ""other property type"" refers to a property where the structure has a single dwelling unit in a mixed-use building and does not fall into any of the other categories, or where the structure type is unknown."
8,"The number of properties owned by the property owner is limited to residential properties that are within a given province."
9,"""Assessment value"" refers to the assessed value of the property for the purposes of determining property taxes. It is important to note that the assessed value does not necessarily represent the market value. Given that different provinces and territories have their own assessment periods and duration of the valuation roll, it is difficult to make accurate comparisons of similar properties from one province or territory to another. For properties that are being utilized for both residential and non-residential purposes, only the residential portion's value has been taken into account. The reference years of the assessment values by province or territory are available here: <a href=""https://www23.statcan.gc.ca/imdb/p2SV.pl?Function=getSurvey&Id=1281815"">Canadian Housing Statistics Program (CHSP)</a>."
10,"""Total assessment value"" represents the sum of the assessment values of all residential properties owned by an owner within a given province."
11,"A ""mobile home"" is a single dwelling, designed and constructed to be transported on its own chassis and capable of being moved to a new location on short notice. It may be placed temporarily on a foundation pad and may be covered by a skirt. This category may also include houseboats and mini homes."
12,"""Total income of person"" refers to the total income of an individual, before deductions for income taxes, during the previous year. This income measure is the sum of market income and government transfers. Market income includes employment income, investment income, private retirement income and other income from market sources during the previous year. Government transfers refer to all cash benefits received from federal, provincial, territorial or municipal governments during the previous year."

"Correction ID","Correction Date","Correction Note"


